"Ea.action","Pa.action","Pch.action","Pci.action","Pf.action","Pp.action","Pv.action","Sm.action","environment.initial","Ea.outcome","Pa.outcome","Pch.outcome","Pci.outcome","Pf.outcome","Pp.outcome","Pv.outcome","Sm.outcome","state_idx"
0,0,0,0,0,0,1,0,0,0,0,0,0,0,0,0.10996,0,64
0,0,0,0,0,0,1,0,0,0,0,0,0,0,0,0.10739,0,64
0,1,1,1,1,1,1,1,0,0,0,0.0897026666667,0,0.00183066666667,0.038444,0.00732266666667,0,254
0,1,1,1,1,1,1,1,0,0,0,0.0763257142857,0,0.00346935064935,0.0294894805195,0.0208161038961,0.00346935064935,254
1,1,1,1,0,1,1,1,0,0,0,0.0843112941176,0,0,0,0.0863187058824,0,239
1,1,1,1,0,1,1,1,0,0,0,0.0745637837838,0,0,0,0.0787062162162,0,239
1,1,1,1,1,1,1,0,0,0,0,0.0777705882353,0,0,0,0.0985094117647,0,127
1,1,1,1,1,1,1,0,0,0,0,0.117548630137,0,0.00261219178082,0,0.0705291780822,0,127
