"Ea.outcome","Pa.outcome","Pch.outcome","Pci.outcome","Pf.outcome","Pp.outcome","Pv.outcome","Sm.outcome"
0,0,0,0,0.0712567741935484,0.0668032258064516,0,0
0,0,0,0,0.0342725555555556,0.0998374444444445,0,0
0,0.0597768421053,0,0.00533721804511,0,0,0,0.0768559398496
0,0.0450407407407,0,0.00270244444444,0,0,0,0.0738668148148
0,0,0.0855560824742268,0,0,0.0522037113402062,0,0.00290020618556701
0,0,0.0894236708860759,0,0,0,0,0.074866329113924
0,0,0.117548630137,0,0.00261219178082,0,0.0705291780822,0
0,0,0.064,0,0.014,0.048,0.016,0
