"Ea.action","Pa.action","Pch.action","Pci.action","Pf.action","Pp.action","Pv.action","Sm.action","environment.initial","Ea.outcome","Pa.outcome","Pch.outcome","Pci.outcome","Pf.outcome","Pp.outcome","Pv.outcome","Sm.outcome","state_idx"
0,1,0,0,0,1,0,0,0,0,0.045038,0,0,0,0.083642,0,0,34
0,1,0,0,0,1,0,0,0,0,0.0468424358974,0,0,0,0.0791475641026,0,0,34
0,1,0,0,0,0,0,1,0,0,0.0482434188034,0,0,0,0,0,0.0427965811966,130
0,1,0,0,0,0,0,1,0,0,0.0661883146067,0,0,0,0,0,0.0618716853933,130
1,0,1,1,0,0,0,0,0,0.0454584269662921,0,0.0894015730337079,0,0,0,0,0,13
1,0,1,1,0,0,0,0,0,0.0454676315789474,0,0.111602368421053,0,0,0,0,0,13
0,0,0,1,0,1,1,0,0,0,0,0,0,0,0.141730263157895,0.00188973684210526,0,104
0,0,0,1,0,1,1,0,0,0,0,0,0,0,0.142730161290323,0.00233983870967742,0,104
