"Ea.outcome","Pa.outcome","Pch.outcome","Pci.outcome","Pf.outcome","Pp.outcome","Pv.outcome","Sm.outcome"
0,0,0,0,0.0744959154581997,0.0927212425317165,0,0
0,0,0,0,0.0744959154581997,0.0927212425317165,0,0
0,0.0596678827632528,0,0.00594876003869638,0,0,0,0.0744959154581997
0,0.0596678827632528,0,0.00594876003869638,0,0,0,0.0744959154581997
0,0,0.0927212425317165,0,0,0.045083535243452,0,0.00594876003869638
0,0,0.0927212425317165,0,0,0.045083535243452,0,0.00594876003869638
0,0,0.0596678827632528,0,0.00594876003869638,0.045083535243452,0.0185180404151719,0
0,0,0.0596678827632528,0,0.00594876003869638,0.045083535243452,0.0185180404151719,0
