"Bar.action","undLac.action","uncLac.action","Oth.action","Bla.action","undMol.action","Akk.action","Cop.action","Clodif.action","Ent.action","undEnt.action","environment.initial","Bar.outcome","undLac.outcome","uncLac.outcome","Oth.outcome","Bla.outcome","undMol.outcome","Akk.outcome","Cop.outcome","Clodif.outcome","Ent.outcome","undEnt.outcome","state_idx"
1,0,0,0,0,0,0,0,0,0,0,0,1.79406317020861,0,0,0,0,0,0,0,0,0,0,1
0,0,0,0,1,0,0,0,0,0,0,0,0,0,0,0,1.00056450930029,0,0,0,0,0,0,16
0,0,0,0,0,1,0,0,0,0,0,0,0,0,0,0,0,1.11351914068045,0,0,0,0,0,32
0,0,0,0,0,0,1,0,0,0,0,0,0,0,0,0,0,0,0.189458924447378,0,0,0,0,64
0,0,0,0,0,0,0,1,0,0,0,0,0,0,0,0,0,0,0,0.190781005792038,0,0,0,128
1,1,1,1,1,1,0,1,1,1,1,0,0,0,0,0,0,2.67517943655101,0,0,19.0978977786288,2.0908146028882,0,1983
1,1,1,1,0,1,1,1,1,1,1,0,0,0,0,0,0,2.67517943655101,0,0,19.0978977786288,2.0908146028882,0,2031
1,1,1,0,1,1,1,1,1,1,1,0,0,0,0,0,0,2.67517943655101,0,0,19.0978977786288,2.0908146028882,0,2039
0,1,1,1,1,1,1,1,1,1,1,0,0,0,0,0,0,2.67517943655101,0,0,19.0978977786288,2.0908146028882,0,2046
