"BH.outcome","CA.outcome","BU.outcome","PC.outcome","BO.outcome","BV.outcome","BT.outcome","EL.outcome","FP.outcome","CH.outcome","DP.outcome","ER.outcome"
0,0,0,0,0,0,0.345527057690985,0,0,0,0,0
0,0,0,0.617831517967207,0,0,0,0.185161547666534,0,0.12262888626525,0,0
0,0,0,0,0.712258253368118,0,0.329153861069845,0,0,0.00879156865510744,0,1.92640238117922e-09
0.789044319253964,0,0,0.333530348683293,0,0,0.171869611935018,0,0.684792909150441,0,0,0
