"BH.action","CA.action","BU.action","PC.action","BO.action","BV.action","BT.action","EL.action","FP.action","CH.action","DP.action","ER.action","environment.initial","BH.outcome","CA.outcome","BU.outcome","PC.outcome","BO.outcome","BV.outcome","BT.outcome","EL.outcome","FP.outcome","CH.outcome","DP.outcome","ER.outcome","state_idx"
1,1,0,0,1,0,1,0,0,0,0,0,0,0.364280835389008,0,0,0,0.635807216015361,0,0.237947705248012,0,0,0,0,0,83
0,0,0,1,1,1,0,1,0,0,0,0,0,0,0,0,0.389003773456191,0.357263667474968,0.0221063805532874,0,0.154893177913154,0,0,0,0,184
1,1,1,0,0,1,0,0,1,0,0,1,0,0.681564758127986,1.3319939199592e-10,0.35397487002375,0,0,0,0,0,0.543256421809668,0,0,0,2343
1,1,0,0,1,0,1,1,0,1,0,1,0,0.364280835389008,0,0,0,0.635807216015361,0,0.237947705248012,0,0,0,0,0,2771
