"BH.outcome","CA.outcome","BU.outcome","PC.outcome","BO.outcome","BV.outcome","BT.outcome","EL.outcome","FP.outcome","CH.outcome","DP.outcome","ER.outcome"
0.364280835389008,0,0,0,0.635807216015361,0,0.237947705248012,0,0,0,0,0
0,0,0,0.389003773456191,0.357263667474968,0.0221063805532874,0,0.154893177913154,0,0,0,0
0.681564758127986,1.3319939199592e-10,0.35397487002375,0,0,0,0,0,0.543256421809668,0,0,0
0.364280835389008,0,0,0,0.635807216015361,0,0.237947705248012,0,0,0,0,0
