"BH.outcome","CA.outcome","BU.outcome","PC.outcome","BO.outcome","BV.outcome","BT.outcome","EL.outcome","FP.outcome","CH.outcome","DP.outcome","ER.outcome"
0,0.650906117999729,0,0,0,0,0,0,0,0,0,0
0,0,0,0,0,0,0.345527057690986,0,0,0,0,0
0,0,0,0,0,0,0,0,0,0,0.21113465613562,0
0.754208561399589,0,0,0.0556355403461853,0.467051221025485,0,0.152635602453371,0,0.546776674598581,0,0,0
