"Ea.outcome","Pa.outcome","Pch.outcome","Pci.outcome","Pf.outcome","Pp.outcome","Pv.outcome","Sm.outcome"
0,0.0443848683656375,0,0.002523224012275,0.0443848683656375,0,0,0
0,0.0443848683656375,0,0.002523224012275,0.0443848683656375,0,0,0
