"Ea.outcome","Pa.outcome","Pch.outcome","Pci.outcome","Pf.outcome","Pp.outcome","Pv.outcome","Sm.outcome"
0,0.06849,0,0,0,0,0,0
0,0.07209,0,0,0,0,0,0
0,0,0.0797053846154,0,0,0,0.0632146153846,0
0,0,0.0809789041096,0,0.0017604109589,0.0264061643836,0.0193645205479,0
0.00433310344828,0,0,0,0.0671631034483,0.0519972413793,0.00216655172414,0
0.0105476923077,0,0,0,0.0281271794872,0.0984451282051,0,0
0,0,0.101960821918,0,0,0,0.0770923287671,0.00248684931507
0,0,0.0843112941176,0,0,0,0.0863187058824,0
