"Ea.action","Pa.action","Pch.action","Pci.action","Pf.action","Pp.action","Pv.action","Sm.action","environment.initial","Ea.outcome","Pa.outcome","Pch.outcome","Pci.outcome","Pf.outcome","Pp.outcome","Pv.outcome","Sm.outcome","state_idx"
0,1,0,0,0,0,0,0,0,0,0.06849,0,0,0,0,0,0,2
0,1,0,0,0,0,0,0,0,0,0.07209,0,0,0,0,0,0,2
1,0,1,1,1,1,1,1,0,0,0,0.0797053846154,0,0,0,0.0632146153846,0,253
1,0,1,1,1,1,1,1,0,0,0,0.0809789041096,0,0.0017604109589,0.0264061643836,0.0193645205479,0,253
1,1,0,1,1,1,1,1,0,0.00433310344828,0,0,0,0.0671631034483,0.0519972413793,0.00216655172414,0,251
1,1,0,1,1,1,1,1,0,0.0105476923077,0,0,0,0.0281271794872,0.0984451282051,0,0,251
1,1,1,1,0,1,1,1,0,0,0,0.101960821918,0,0,0,0.0770923287671,0.00248684931507,239
1,1,1,1,0,1,1,1,0,0,0,0.0843112941176,0,0,0,0.0863187058824,0,239
