"Ea.outcome","Pa.outcome","Pch.outcome","Pci.outcome","Pf.outcome","Pp.outcome","Pv.outcome","Sm.outcome"
0,0,0.0562720987654,0,0.0314461728395,0.0198607407407,0.0264809876543,0
0,0,0.0877804878049,0,0.00877804878049,0,0.0403790243902,0.00702243902439
