"Ea.outcome","Pa.outcome","Pch.outcome","Pci.outcome","Pf.outcome","Pp.outcome","Pv.outcome","Sm.outcome"
0,0.0671888243130875,0,0.0157327031004745,0,0,0,0.0671888243130875
0,0.0671888243130875,0,0.0157327031004745,0,0,0,0.0671888243130875
