"Ea.outcome","Pa.outcome","Pch.outcome","Pci.outcome","Pf.outcome","Pp.outcome","Pv.outcome","Sm.outcome"
0,0.0591893617021,0,0.00269042553191,0,0,0,0.064570212766
0,0.0597768421053,0,0.00533721804511,0,0,0,0.0768559398496
