"Ea.outcome","Pa.outcome","Pch.outcome","Pci.outcome","Pf.outcome","Pp.outcome","Pv.outcome","Sm.outcome"
0,0.040745,0,0.00135816666667,0.0393868333333,0,0,0
0,0.0436529032258,0,0.00242516129032,0.0291019354839,0,0,0
