"Ea.outcome","Pa.outcome","Pch.outcome","Pci.outcome","Pf.outcome","Pp.outcome","Pv.outcome","Sm.outcome"
0,0,0.044617327284475,0,0.024945034515525,0,0.024945034515525,0
0,0,0.044617327284475,0,0.024945034515525,0,0.024945034515525,0
