"Ea.action","Pa.action","Pch.action","Pci.action","Pf.action","Pp.action","Pv.action","Sm.action","environment.initial","Ea.outcome","Pa.outcome","Pch.outcome","Pci.outcome","Pf.outcome","Pp.outcome","Pv.outcome","Sm.outcome","state_idx"
1,0,1,0,1,0,0,0,0,0.0401753246753247,0,0.0337472727272727,0,0.0498174025974026,0,0,0,21
1,0,1,0,1,0,0,0,0,0.0464104615384615,0,0.0847495384615385,0,0,0,0,0,21
1,0,0,1,1,0,0,0,0,0.0537446341463415,0,0,0.0109682926829268,0.0701970731707317,0,0,0,25
1,0,0,1,1,0,0,0,0,0.0491467058823529,0,0,0.0312751764705882,0.0461681176470588,0,0,0,25
0,1,0,0,0,1,1,0,0,0,0.0542772815534,0,0,0,0.0928427184466,0,0,98
0,1,0,0,0,1,1,0,0,0,0.0551755102041,0,0,0,0.0934918367347,0.00153265306122,0,98
0,0,0,1,1,0,1,0,0,0,0,0,0,0.0689849438202247,0,0.0925850561797753,0,88
0,0,0,1,1,0,1,0,0,0,0,0,0,0.0452936842105263,0,0.0981363157894737,0,88
