"ACWR.outcome","FEMI.outcome","HOMU.outcome","PLER.outcome","SACO.outcome","URLI.outcome"
0,0,0,387.177162777096,4877.09164380973,0
0,0,0,387.177162777096,4877.09164380973,0
0,2701.35187468275,0,0,4176.34574853526,0
10074.6028629558,0,0,0,0,69.2466660611801
0,0,0,0,5072.11153581888,0
2953.38916187329,0,0,0,8391.21142810233,0
0,0,0,387.177162777096,4877.09164380973,0
0,0,0,0,8541.21768214909,177.445900039294
0,0,0,387.177162777096,4877.09164380973,0
0,2701.35187468276,0,0,4176.34574853526,0
