"ACWR.outcome","FEMI.outcome","HOMU.outcome","PLER.outcome","SACO.outcome","URLI.outcome"
2953.3891618733,0,0,0,8391.21142810233,0
0,0,0,0,0,8130.19921373607
4922.35590061265,0,0,278.821257961259,0,3027.14141695288
2953.38916187329,0,0,0,8391.21142810233,0
