"ACWR.outcome","FEMI.outcome","HOMU.outcome","PLER.outcome","SACO.outcome","URLI.outcome"
0,3742.9676508044,0,0,0,0
0,3742.9676508044,0,0,0,0
0,2441.95832048756,0,0,0,3600.73608868887
0,0,0,790.526527876695,0,3101.34032038135
4922.35590061265,0,0,278.821257961259,0,3027.14141695288
0,0,0,790.526527876695,0,3101.34032038135
0,0,0,0,8541.21672277401,177.448193675883
0,0,0,0,8541.2176436367,177.445992113222
5976.62903988232,0,0,0,0,0
5487.54449852134,0,0,283.560254190435,0,0
