"ACWR.outcome","FEMI.outcome","HOMU.outcome","PLER.outcome","SACO.outcome","URLI.outcome"
0,0,0,0,9200.28635942383,0
0,0,0,0,0,6856.1997233435
0,0,0,0,5173.11794079522,0
0,0,0,0,9200.28635942383,176.389973954917
