"ACWR.outcome","FEMI.outcome","HOMU.outcome","PLER.outcome","SACO.outcome","URLI.outcome"
5487.54449852134,0,0,283.560254190435,0,0
0,2701.35187468276,0,0,4176.34574853526,0
2953.3891618733,0,0,0,8391.21142810233,0
0,0,0,0,5072.11153581888,0
0,0,0,387.177162777096,4877.09164380973,0
0,2701.35187468276,0,0,4176.34574853526,0
10074.6143443369,0,0,0,0,69.2196937193981
0,0,0,0,8541.21650090317,177.448724115955
5976.62903988232,0,0,0,0,0
5487.54449852134,0,0,283.560254190435,0,0
