"ACWR.action","FEMI.action","HOMU.action","PLER.action","SACO.action","URLI.action"
0,2251.67603562662,0,0,0,0
0,0,0,850.234929516862,0,0
0,2039.41917401593,2251.67603562662,0,0,0
0,850.234929516862,0,0,850.234929516862,0
2251.67603562662,0,0,0,0,0
316.75274791838,0,0,316.75274791838,198.654330995954,0
2039.41917401593,2251.67603562662,0,2039.41917401593,2251.67603562662,0
0,316.75274791838,0,850.234929516862,0,198.654330995954
0,0,0,0,0,0
198.654330995954,0,316.75274791838,0,0,0
