"ACWR.outcome","FEMI.outcome","HOMU.outcome","PLER.outcome","SACO.outcome","URLI.outcome"
0,3742.9676508044,0,0,0,0
5357.77775471681,0,0,0,0,3267.30581840922
4922.35590061265,0,0,278.821257961258,0,3027.14141695288
0,0,0,0,5072.11153581888,0
