"ACWR.outcome","FEMI.outcome","HOMU.outcome","PLER.outcome","SACO.outcome","URLI.outcome"
0,0,0,0,8614.48470697596,0
0,0,0,0,0,8130.19921373607
0,0,0,0,5072.11153581888,0
0,0,0,0,8541.2176436367,177.445992113222
