"ACWR.outcome","FEMI.outcome","HOMU.outcome","PLER.outcome","SACO.outcome","URLI.outcome"
0,0,0,0,5072.11153581888,0
4922.35590061265,0,0,278.821257961258,0,3027.14141695288
0,2701.35187468275,0,0,4176.34574853526,0
5976.62903988232,0,0,0,0,0
