"ACWR.outcome","FEMI.outcome","HOMU.outcome","PLER.outcome","SACO.outcome","URLI.outcome"
2953.3891618733,0,0,0,8391.21142810233,0
2953.3891618733,0,0,0,8391.21142810233,0
0,0,0,387.177162777096,4877.09164380973,0
10074.5770975921,0,0,0,0,69.3071942792377
0,0,0,790.526527876695,0,3101.34032038135
4922.35590061265,0,0,278.821257961259,0,3027.14141695288
0,0,0,0,5072.11153581888,0
2953.3891618733,0,0,0,8391.21142810233,0
0,0,0,0,5072.11153581888,0
5976.62903988232,0,0,0,0,0
