"ACWR.outcome","FEMI.outcome","HOMU.outcome","PLER.outcome","SACO.outcome","URLI.outcome"
2953.3891618733,0,0,0,8391.21142810233,0
0,3742.9676508044,0,0,0,0
5976.62903988232,0,0,0,0,0
5487.54449852134,0,0,283.560254190435,0,0
