"ACWR.action","FEMI.action","HOMU.action","PLER.action","SACO.action","URLI.action"
0,0,0,0,0,0
0,0,0,374.29676508044,0,0
0,1385.23741023683,0,72.0933983618679,0,0
192.510758486802,0,962.259077647863,0,374.29676508044,0
0,0,0,2562.01808420543,72.0933983618679,0
0,0,374.29676508044,962.259077647863,192.510758486802,0
0,0,72.0933983618679,0,0,72.0933983618679
0,0,0,374.29676508044,0,192.510758486802
72.0933983618679,0,0,72.0933983618679,0,2562.01808420543
192.510758486802,0,0,0,0,0
