"ACWR.outcome","FEMI.outcome","HOMU.outcome","PLER.outcome","SACO.outcome","URLI.outcome"
0,0,0,2030.67844694714,0,0
0,0,0,0,0,8130.19921373607
0,2701.35187468275,0,0,4176.34574853526,0
0,0,0,387.177162777096,4877.09164380973,0
