"ACWR.outcome","FEMI.outcome","HOMU.outcome","PLER.outcome","SACO.outcome","URLI.outcome"
0,0,0,2440.12787809502,0,0
0,0,0,0,0,6858.18132801168
0,2440.12787809502,0,0,4310.02964730706,0
0,0,0,1023.2304986605,4310.02964730706,0
