"ACWR.outcome","FEMI.outcome","HOMU.outcome","PLER.outcome","SACO.outcome","URLI.outcome"
2367.57075439295,0,0,0,9216.58099944932,0
0,0,0,0,0,6858.18132801168
5131.57977951418,0,0,176.433724234836,0,3362.00695416627
2367.57075439295,0,0,0,9216.58099944932,0
