"ACWR.action.outcome","FEMI.action.outcome","HOMU.action.outcome","PLER.action.outcome","SACO.action.outcome","URLI.action.outcome"
0,0,0.202,0,0,0
0,1692.35090933334,0.202,218.700158666668,0,0
0,0,0.202,0,4057.88960000001,0
0,0,0.202,0,4057.88960000001,0
0,0,0.202,0,0,6516.545461
0,3125.73090933333,0.202,0,0,0
0,0,0.202,1394.15485866667,0,3801.45046099999
3296.11221866668,0,0.202,11.0752586666612,0,1413.48746099998
4350.38521866665,0,0.202,0,0,0
3861.30021866668,0,0.202,15.8142586666613,0,0
