"Tetra.outcome","Colp.outcome","Dexio.outcome","Loxo.outcome","Para.outcome","Spiro.outcome"
0.0004229986,0.006112052,0.0006945005,0.01151388,0,0.03865625
0.000623234,0.05469042,0.0007904817,0.009200992,0,0.04604129
0.00384547,0.0461634,0.0003032802,0.0337452,0,0.07574405
