"Tetra.outcome","Colp.outcome","Dexio.outcome","Loxo.outcome","Para.outcome","Spiro.outcome"
0.00193336565,0,0.000522440073045295,0.041316037334678,0,0.0188338449059574
0.00193336565,0,0.000522440073045295,0.0188338449059574,0,0.0115938894213568
0.00193336565,0,0.000522440073045295,0.0188338449059574,0,0.0115938894213568
