"Tetra.outcome","Colp.outcome","Dexio.outcome","Loxo.outcome","Para.outcome","Spiro.outcome"
0.0009821163,0,0.0002768875,0.03588232,0,0.01764473
0.00227312,0,0.0004702998,0.01604371,0,0.01368078
0.002884615,0,0.000546091,0.03127031,0,0.09178748
