"Tetra.action","Colp.action","Dexio.action","Loxo.action","Para.action","Spiro.action","temperature.initial","Tetra.outcome","Colp.outcome","Dexio.outcome","Loxo.outcome","Para.outcome","Spiro.outcome","state_idx"
0,1,1,1,1,1,19,0,0.046349424300986,0.000189149918128782,0.0232004917525266,0.0398044154492121,0.0795872970378848,62
0,1,1,1,1,1,23,0,0.0093230328138368,0.000266568340024488,0.00420431210931274,0.00318835897721882,0.00631251608252093,62
0,1,1,1,1,1,19,0,0.0092837978821138,3.7137906793147e-05,0.00820907138404342,0.0443862848025637,0.00143384673048906,62
