"Tetra.action","Colp.action","Dexio.action","Loxo.action","Para.action","Spiro.action","temperature.initial","Tetra.outcome","Colp.outcome","Dexio.outcome","Loxo.outcome","Para.outcome","Spiro.outcome","state_idx"
0,1,1,0,1,0,25,0,0.00636313111215105,0.000501757331098813,0,0.00604465571135799,0,22
0,1,1,0,1,0,15,0,0.0568901227164901,0.0148797951583302,0,0.0110621729264101,0,22
0,1,1,0,1,0,25,0,0,0.000136820141009993,0,0.0159616253871936,0,22
