"Tetra.outcome","Colp.outcome","Dexio.outcome","Loxo.outcome","Para.outcome","Spiro.outcome"
0.00132992729219486,0.0682228791039874,0,0.0682228791039874,0,0
0.00132992729219486,0.0682228791039874,0,0.0682228791039874,0,0
0.00392244338936983,0.000286711775450604,0,0.00904833293368084,0,0
