"Tetra.outcome","Colp.outcome","Dexio.outcome","Loxo.outcome","Para.outcome","Spiro.outcome"
0,0,0.000559435495522472,0,0.0189362324013385,0
0,0.0986229241807631,0.0189362324013385,0,0.0119456920934235,0
0,0,0.000559435495522472,0,0.0189362324013385,0
