"Tetra.action","Colp.action","Dexio.action","Loxo.action","Para.action","Spiro.action","temperature.initial","Tetra.outcome","Colp.outcome","Dexio.outcome","Loxo.outcome","Para.outcome","Spiro.outcome","state_idx"
1,1,0,1,0,0,17,0.000347287579778299,0.0654454126500967,0,0.054774793820046,0,0,11
1,1,0,1,0,0,17,0.00178252573844044,0.0790767658716976,0,0.0297716438754822,0,0,11
1,1,0,1,0,0,23,0.00362685521772529,0.000528835033054514,0,0.00729942263133093,0,0,11
